{"cameraMode":{"drawMode":0,"name":"Shaded","section":"Shading Mode"},"sceneLighting":false,"audioPlay":false,"sceneViewState":{"m_AlwaysRefresh":true,"showFog":false,"showSkybox":true,"showFlares":true,"showImageEffects":true,"showParticleSystems":true,"showVisualEffectGraphs":true,"m_FxEnabled":false},"in2DMode":false,"pivot":{"x":4.3198933601379398,"y":16.15641975402832,"z":15.032203674316407},"rotation":{"x":-0.18686136603355409,"y":0.19584235548973084,"z":-0.03540994971990585,"w":-0.9616382122039795},"size":15.43583869934082,"orthographic":false}