{"cameraMode":{"drawMode":0,"name":"Shaded","section":"Shading Mode"},"sceneLighting":false,"audioPlay":false,"sceneViewState":{"m_AlwaysRefresh":true,"showFog":false,"showSkybox":true,"showFlares":true,"showImageEffects":true,"showParticleSystems":true,"showVisualEffectGraphs":true,"m_FxEnabled":false},"in2DMode":false,"pivot":{"x":116.7790298461914,"y":113.62101745605469,"z":-166.70721435546876},"rotation":{"x":0.12652243673801423,"y":-0.009431016631424427,"z":-0.00018470842042006552,"w":0.9915158152580261},"size":0.8660253882408142,"orthographic":false}